{
  "project_info": {
    "project_number": "440462350136",
    "project_id": "ihvergara-cmsc23project",
    "storage_bucket": "ihvergara-cmsc23project.appspot.com"
  },
  "client": [
    {
      "client_info": {
        "mobilesdk_app_id": "1:440462350136:android:269a16267fcd2ccfa953cd",
        "android_client_info": {
          "package_name": "com.example.week7_networking_discussion"
        }
      },
      "oauth_client": [
        {
          "client_id": "440462350136-il9p5m56te9srmvkae7lknpeiql3pn0u.apps.googleusercontent.com",
          "client_type": 3
        }
      ],
      "api_key": [
        {
          "current_key": "AIzaSyBiI_lMXCKrNrTAxCO-p5p1Y-PGIhhF9-Q"
        }
      ],
      "services": {
        "appinvite_service": {
          "other_platform_oauth_client": [
            {
              "client_id": "440462350136-il9p5m56te9srmvkae7lknpeiql3pn0u.apps.googleusercontent.com",
              "client_type": 3
            },
            {
              "client_id": "440462350136-80ep64keghme2eit3d5anijocpg9cepu.apps.googleusercontent.com",
              "client_type": 2,
              "ios_info": {
                "bundle_id": "com.example.week7NetworkingDiscussion"
              }
            }
          ]
        }
      }
    }
  ],
  "configuration_version": "1"
}