[{"name":"account","qualifiedName":"account","href":"properties_account/properties_account-library.html","type":"library","overriddenDepth":0,"packageName":"flutter_contacts"},{"name":"Account","qualifiedName":"account.Account","href":"properties_account/Account-class.html","type":"class","overriddenDepth":0,"packageName":"flutter_contacts","enclosedBy":{"name":"account","type":"library"}},{"name":"Account","qualifiedName":"account.Account.Account","href":"properties_account/Account/Account.html","type":"constructor","overriddenDepth":0,"packageName":"flutter_contacts","enclosedBy":{"name":"Account","type":"class"}},{"name":"Account.fromJson","qualifiedName":"account.Account.fromJson","href":"properties_account/Account/Account.fromJson.html","type":"constructor","overriddenDepth":0,"packageName":"flutter_contacts","enclosedBy":{"name":"Account","type":"class"}},{"name":"mimetypes","qualifiedName":"account.Account.mimetypes","href":"properties_account/Account/mimetypes.html","type":"property","overriddenDepth":0,"packageName":"flutter_contacts","enclosedBy":{"name":"Account","type":"class"}},{"name":"name","qualifiedName":"account.Account.name","href":"properties_account/Account/name.html","type":"property","overriddenDepth":0,"packageName":"flutter_contacts","enclosedBy":{"name":"Account","type":"class"}},{"name":"rawId","qualifiedName":"account.Account.rawId","href":"properties_account/Account/rawId.html","type":"property","overriddenDepth":0,"packageName":"flutter_contacts","enclosedBy":{"name":"Account","type":"class"}},{"name":"toJson","qualifiedName":"account.Account.toJson","href":"properties_account/Account/toJson.html","type":"method","overriddenDepth":0,"packageName":"flutter_contacts","enclosedBy":{"name":"Account","type":"class"}},{"name":"toString","qualifiedName":"account.Account.toString","href":"properties_account/Account/toString.html","type":"method","overriddenDepth":1,"packageName":"flutter_contacts","enclosedBy":{"name":"Account","type":"class"}},{"name":"type","qualifiedName":"account.Account.type","href":"properties_account/Account/type.html","type":"property","overriddenDepth":0,"packageName":"flutter_contacts","enclosedBy":{"name":"Account","type":"class"}},{"name":"address","qualifiedName":"address","href":"properties_address/properties_address-library.html","type":"library","overriddenDepth":0,"packageName":"flutter_contacts"},{"name":"Address","qualifiedName":"address.Address","href":"properties_address/Address-class.html","type":"class","overriddenDepth":0,"packageName":"flutter_contacts","enclosedBy":{"name":"address","type":"library"}},{"name":"operator ==","qualifiedName":"address.Address.==","href":"properties_address/Address/operator_equals.html","type":"method","overriddenDepth":1,"packageName":"flutter_contacts","enclosedBy":{"name":"Address","type":"class"}},{"name":"Address","qualifiedName":"address.Address.Address","href":"properties_address/Address/Address.html","type":"constructor","overriddenDepth":0,"packageName":"flutter_contacts","enclosedBy":{"name":"Address","type":"class"}},{"name":"address","qualifiedName":"address.Address.address","href":"properties_address/Address/address.html","type":"property","overriddenDepth":0,"packageName":"flutter_contacts","enclosedBy":{"name":"Address","type":"class"}},{"name":"city","qualifiedName":"address.Address.city","href":"properties_address/Address/city.html","type":"property","overriddenDepth":0,"packageName":"flutter_contacts","enclosedBy":{"name":"Address","type":"class"}},{"name":"country","qualifiedName":"address.Address.country","href":"properties_address/Address/country.html","type":"property","overriddenDepth":0,"packageName":"flutter_contacts","enclosedBy":{"name":"Address","type":"class"}},{"name":"customLabel","qualifiedName":"address.Address.customLabel","href":"properties_address/Address/customLabel.html","type":"property","overriddenDepth":0,"packageName":"flutter_contacts","enclosedBy":{"name":"Address","type":"class"}},{"name":"Address.fromJson","qualifiedName":"address.Address.fromJson","href":"properties_address/Address/Address.fromJson.html","type":"constructor","overriddenDepth":0,"packageName":"flutter_contacts","enclosedBy":{"name":"Address","type":"class"}},{"name":"hashCode","qualifiedName":"address.Address.hashCode","href":"properties_address/Address/hashCode.html","type":"property","overriddenDepth":0,"packageName":"flutter_contacts","enclosedBy":{"name":"Address","type":"class"}},{"name":"isoCountry","qualifiedName":"address.Address.isoCountry","href":"properties_address/Address/isoCountry.html","type":"property","overriddenDepth":0,"packageName":"flutter_contacts","enclosedBy":{"name":"Address","type":"class"}},{"name":"label","qualifiedName":"address.Address.label","href":"properties_address/Address/label.html","type":"property","overriddenDepth":0,"packageName":"flutter_contacts","enclosedBy":{"name":"Address","type":"class"}},{"name":"neighborhood","qualifiedName":"address.Address.neighborhood","href":"properties_address/Address/neighborhood.html","type":"property","overriddenDepth":0,"packageName":"flutter_contacts","enclosedBy":{"name":"Address","type":"class"}},{"name":"pobox","qualifiedName":"address.Address.pobox","href":"properties_address/Address/pobox.html","type":"property","overriddenDepth":0,"packageName":"flutter_contacts","enclosedBy":{"name":"Address","type":"class"}},{"name":"postalCode","qualifiedName":"address.Address.postalCode","href":"properties_address/Address/postalCode.html","type":"property","overriddenDepth":0,"packageName":"flutter_contacts","enclosedBy":{"name":"Address","type":"class"}},{"name":"state","qualifiedName":"address.Address.state","href":"properties_address/Address/state.html","type":"property","overriddenDepth":0,"packageName":"flutter_contacts","enclosedBy":{"name":"Address","type":"class"}},{"name":"street","qualifiedName":"address.Address.street","href":"properties_address/Address/street.html","type":"property","overriddenDepth":0,"packageName":"flutter_contacts","enclosedBy":{"name":"Address","type":"class"}},{"name":"subAdminArea","qualifiedName":"address.Address.subAdminArea","href":"properties_address/Address/subAdminArea.html","type":"property","overriddenDepth":0,"packageName":"flutter_contacts","enclosedBy":{"name":"Address","type":"class"}},{"name":"subLocality","qualifiedName":"address.Address.subLocality","href":"properties_address/Address/subLocality.html","type":"property","overriddenDepth":0,"packageName":"flutter_contacts","enclosedBy":{"name":"Address","type":"class"}},{"name":"toJson","qualifiedName":"address.Address.toJson","href":"properties_address/Address/toJson.html","type":"method","overriddenDepth":0,"packageName":"flutter_contacts","enclosedBy":{"name":"Address","type":"class"}},{"name":"toString","qualifiedName":"address.Address.toString","href":"properties_address/Address/toString.html","type":"method","overriddenDepth":1,"packageName":"flutter_contacts","enclosedBy":{"name":"Address","type":"class"}},{"name":"toVCard","qualifiedName":"address.Address.toVCard","href":"properties_address/Address/toVCard.html","type":"method","overriddenDepth":0,"packageName":"flutter_contacts","enclosedBy":{"name":"Address","type":"class"}},{"name":"AddressLabel","qualifiedName":"address.AddressLabel","href":"properties_address/AddressLabel.html","type":"enum","overriddenDepth":0,"packageName":"flutter_contacts","enclosedBy":{"name":"address","type":"library"}},{"name":"config","qualifiedName":"config","href":"config/config-library.html","type":"library","overriddenDepth":0,"packageName":"flutter_contacts"},{"name":"FlutterContactsConfig","qualifiedName":"config.FlutterContactsConfig","href":"config/FlutterContactsConfig-class.html","type":"class","overriddenDepth":0,"packageName":"flutter_contacts","enclosedBy":{"name":"config","type":"library"}},{"name":"FlutterContactsConfig","qualifiedName":"config.FlutterContactsConfig.FlutterContactsConfig","href":"config/FlutterContactsConfig/FlutterContactsConfig.html","type":"constructor","overriddenDepth":0,"packageName":"flutter_contacts","enclosedBy":{"name":"FlutterContactsConfig","type":"class"}},{"name":"includeNonVisibleOnAndroid","qualifiedName":"config.FlutterContactsConfig.includeNonVisibleOnAndroid","href":"config/FlutterContactsConfig/includeNonVisibleOnAndroid.html","type":"property","overriddenDepth":0,"packageName":"flutter_contacts","enclosedBy":{"name":"FlutterContactsConfig","type":"class"}},{"name":"includeNotesOnIos13AndAbove","qualifiedName":"config.FlutterContactsConfig.includeNotesOnIos13AndAbove","href":"config/FlutterContactsConfig/includeNotesOnIos13AndAbove.html","type":"property","overriddenDepth":0,"packageName":"flutter_contacts","enclosedBy":{"name":"FlutterContactsConfig","type":"class"}},{"name":"returnUnifiedContacts","qualifiedName":"config.FlutterContactsConfig.returnUnifiedContacts","href":"config/FlutterContactsConfig/returnUnifiedContacts.html","type":"property","overriddenDepth":0,"packageName":"flutter_contacts","enclosedBy":{"name":"FlutterContactsConfig","type":"class"}},{"name":"vCardVersion","qualifiedName":"config.FlutterContactsConfig.vCardVersion","href":"config/FlutterContactsConfig/vCardVersion.html","type":"property","overriddenDepth":0,"packageName":"flutter_contacts","enclosedBy":{"name":"FlutterContactsConfig","type":"class"}},{"name":"VCardVersion","qualifiedName":"config.VCardVersion","href":"config/VCardVersion.html","type":"enum","overriddenDepth":0,"packageName":"flutter_contacts","enclosedBy":{"name":"config","type":"library"}},{"name":"contact","qualifiedName":"contact","href":"contact/contact-library.html","type":"library","overriddenDepth":0,"packageName":"flutter_contacts"},{"name":"Contact","qualifiedName":"contact.Contact","href":"contact/Contact-class.html","type":"class","overriddenDepth":0,"packageName":"flutter_contacts","enclosedBy":{"name":"contact","type":"library"}},{"name":"operator ==","qualifiedName":"contact.Contact.==","href":"contact/Contact/operator_equals.html","type":"method","overriddenDepth":1,"packageName":"flutter_contacts","enclosedBy":{"name":"Contact","type":"class"}},{"name":"Contact","qualifiedName":"contact.Contact.Contact","href":"contact/Contact/Contact.html","type":"constructor","overriddenDepth":0,"packageName":"flutter_contacts","enclosedBy":{"name":"Contact","type":"class"}},{"name":"accounts","qualifiedName":"contact.Contact.accounts","href":"contact/Contact/accounts.html","type":"property","overriddenDepth":0,"packageName":"flutter_contacts","enclosedBy":{"name":"Contact","type":"class"}},{"name":"addresses","qualifiedName":"contact.Contact.addresses","href":"contact/Contact/addresses.html","type":"property","overriddenDepth":0,"packageName":"flutter_contacts","enclosedBy":{"name":"Contact","type":"class"}},{"name":"deduplicateProperties","qualifiedName":"contact.Contact.deduplicateProperties","href":"contact/Contact/deduplicateProperties.html","type":"method","overriddenDepth":0,"packageName":"flutter_contacts","enclosedBy":{"name":"Contact","type":"class"}},{"name":"delete","qualifiedName":"contact.Contact.delete","href":"contact/Contact/delete.html","type":"method","overriddenDepth":0,"packageName":"flutter_contacts","enclosedBy":{"name":"Contact","type":"class"}},{"name":"displayName","qualifiedName":"contact.Contact.displayName","href":"contact/Contact/displayName.html","type":"property","overriddenDepth":0,"packageName":"flutter_contacts","enclosedBy":{"name":"Contact","type":"class"}},{"name":"emails","qualifiedName":"contact.Contact.emails","href":"contact/Contact/emails.html","type":"property","overriddenDepth":0,"packageName":"flutter_contacts","enclosedBy":{"name":"Contact","type":"class"}},{"name":"events","qualifiedName":"contact.Contact.events","href":"contact/Contact/events.html","type":"property","overriddenDepth":0,"packageName":"flutter_contacts","enclosedBy":{"name":"Contact","type":"class"}},{"name":"Contact.fromJson","qualifiedName":"contact.Contact.fromJson","href":"contact/Contact/Contact.fromJson.html","type":"constructor","overriddenDepth":0,"packageName":"flutter_contacts","enclosedBy":{"name":"Contact","type":"class"}},{"name":"Contact.fromVCard","qualifiedName":"contact.Contact.fromVCard","href":"contact/Contact/Contact.fromVCard.html","type":"constructor","overriddenDepth":0,"packageName":"flutter_contacts","enclosedBy":{"name":"Contact","type":"class"}},{"name":"groups","qualifiedName":"contact.Contact.groups","href":"contact/Contact/groups.html","type":"property","overriddenDepth":0,"packageName":"flutter_contacts","enclosedBy":{"name":"Contact","type":"class"}},{"name":"hashCode","qualifiedName":"contact.Contact.hashCode","href":"contact/Contact/hashCode.html","type":"property","overriddenDepth":0,"packageName":"flutter_contacts","enclosedBy":{"name":"Contact","type":"class"}},{"name":"id","qualifiedName":"contact.Contact.id","href":"contact/Contact/id.html","type":"property","overriddenDepth":0,"packageName":"flutter_contacts","enclosedBy":{"name":"Contact","type":"class"}},{"name":"insert","qualifiedName":"contact.Contact.insert","href":"contact/Contact/insert.html","type":"method","overriddenDepth":0,"packageName":"flutter_contacts","enclosedBy":{"name":"Contact","type":"class"}},{"name":"isStarred","qualifiedName":"contact.Contact.isStarred","href":"contact/Contact/isStarred.html","type":"property","overriddenDepth":0,"packageName":"flutter_contacts","enclosedBy":{"name":"Contact","type":"class"}},{"name":"isUnified","qualifiedName":"contact.Contact.isUnified","href":"contact/Contact/isUnified.html","type":"property","overriddenDepth":0,"packageName":"flutter_contacts","enclosedBy":{"name":"Contact","type":"class"}},{"name":"name","qualifiedName":"contact.Contact.name","href":"contact/Contact/name.html","type":"property","overriddenDepth":0,"packageName":"flutter_contacts","enclosedBy":{"name":"Contact","type":"class"}},{"name":"notes","qualifiedName":"contact.Contact.notes","href":"contact/Contact/notes.html","type":"property","overriddenDepth":0,"packageName":"flutter_contacts","enclosedBy":{"name":"Contact","type":"class"}},{"name":"organizations","qualifiedName":"contact.Contact.organizations","href":"contact/Contact/organizations.html","type":"property","overriddenDepth":0,"packageName":"flutter_contacts","enclosedBy":{"name":"Contact","type":"class"}},{"name":"phones","qualifiedName":"contact.Contact.phones","href":"contact/Contact/phones.html","type":"property","overriddenDepth":0,"packageName":"flutter_contacts","enclosedBy":{"name":"Contact","type":"class"}},{"name":"photo","qualifiedName":"contact.Contact.photo","href":"contact/Contact/photo.html","type":"property","overriddenDepth":0,"packageName":"flutter_contacts","enclosedBy":{"name":"Contact","type":"class"}},{"name":"photoFetched","qualifiedName":"contact.Contact.photoFetched","href":"contact/Contact/photoFetched.html","type":"property","overriddenDepth":0,"packageName":"flutter_contacts","enclosedBy":{"name":"Contact","type":"class"}},{"name":"photoOrThumbnail","qualifiedName":"contact.Contact.photoOrThumbnail","href":"contact/Contact/photoOrThumbnail.html","type":"property","overriddenDepth":0,"packageName":"flutter_contacts","enclosedBy":{"name":"Contact","type":"class"}},{"name":"propertiesFetched","qualifiedName":"contact.Contact.propertiesFetched","href":"contact/Contact/propertiesFetched.html","type":"property","overriddenDepth":0,"packageName":"flutter_contacts","enclosedBy":{"name":"Contact","type":"class"}},{"name":"socialMedias","qualifiedName":"contact.Contact.socialMedias","href":"contact/Contact/socialMedias.html","type":"property","overriddenDepth":0,"packageName":"flutter_contacts","enclosedBy":{"name":"Contact","type":"class"}},{"name":"thumbnail","qualifiedName":"contact.Contact.thumbnail","href":"contact/Contact/thumbnail.html","type":"property","overriddenDepth":0,"packageName":"flutter_contacts","enclosedBy":{"name":"Contact","type":"class"}},{"name":"thumbnailFetched","qualifiedName":"contact.Contact.thumbnailFetched","href":"contact/Contact/thumbnailFetched.html","type":"property","overriddenDepth":0,"packageName":"flutter_contacts","enclosedBy":{"name":"Contact","type":"class"}},{"name":"toJson","qualifiedName":"contact.Contact.toJson","href":"contact/Contact/toJson.html","type":"method","overriddenDepth":0,"packageName":"flutter_contacts","enclosedBy":{"name":"Contact","type":"class"}},{"name":"toString","qualifiedName":"contact.Contact.toString","href":"contact/Contact/toString.html","type":"method","overriddenDepth":1,"packageName":"flutter_contacts","enclosedBy":{"name":"Contact","type":"class"}},{"name":"toVCard","qualifiedName":"contact.Contact.toVCard","href":"contact/Contact/toVCard.html","type":"method","overriddenDepth":0,"packageName":"flutter_contacts","enclosedBy":{"name":"Contact","type":"class"}},{"name":"update","qualifiedName":"contact.Contact.update","href":"contact/Contact/update.html","type":"method","overriddenDepth":0,"packageName":"flutter_contacts","enclosedBy":{"name":"Contact","type":"class"}},{"name":"websites","qualifiedName":"contact.Contact.websites","href":"contact/Contact/websites.html","type":"property","overriddenDepth":0,"packageName":"flutter_contacts","enclosedBy":{"name":"Contact","type":"class"}},{"name":"diacritics","qualifiedName":"diacritics","href":"diacritics/diacritics-library.html","type":"library","overriddenDepth":0,"packageName":"flutter_contacts"},{"name":"removeDiacritics","qualifiedName":"diacritics.removeDiacritics","href":"diacritics/removeDiacritics.html","type":"function","overriddenDepth":0,"packageName":"flutter_contacts","enclosedBy":{"name":"diacritics","type":"library"}},{"name":"email","qualifiedName":"email","href":"properties_email/properties_email-library.html","type":"library","overriddenDepth":0,"packageName":"flutter_contacts"},{"name":"Email","qualifiedName":"email.Email","href":"properties_email/Email-class.html","type":"class","overriddenDepth":0,"packageName":"flutter_contacts","enclosedBy":{"name":"email","type":"library"}},{"name":"operator ==","qualifiedName":"email.Email.==","href":"properties_email/Email/operator_equals.html","type":"method","overriddenDepth":1,"packageName":"flutter_contacts","enclosedBy":{"name":"Email","type":"class"}},{"name":"Email","qualifiedName":"email.Email.Email","href":"properties_email/Email/Email.html","type":"constructor","overriddenDepth":0,"packageName":"flutter_contacts","enclosedBy":{"name":"Email","type":"class"}},{"name":"address","qualifiedName":"email.Email.address","href":"properties_email/Email/address.html","type":"property","overriddenDepth":0,"packageName":"flutter_contacts","enclosedBy":{"name":"Email","type":"class"}},{"name":"customLabel","qualifiedName":"email.Email.customLabel","href":"properties_email/Email/customLabel.html","type":"property","overriddenDepth":0,"packageName":"flutter_contacts","enclosedBy":{"name":"Email","type":"class"}},{"name":"Email.fromJson","qualifiedName":"email.Email.fromJson","href":"properties_email/Email/Email.fromJson.html","type":"constructor","overriddenDepth":0,"packageName":"flutter_contacts","enclosedBy":{"name":"Email","type":"class"}},{"name":"hashCode","qualifiedName":"email.Email.hashCode","href":"properties_email/Email/hashCode.html","type":"property","overriddenDepth":0,"packageName":"flutter_contacts","enclosedBy":{"name":"Email","type":"class"}},{"name":"isPrimary","qualifiedName":"email.Email.isPrimary","href":"properties_email/Email/isPrimary.html","type":"property","overriddenDepth":0,"packageName":"flutter_contacts","enclosedBy":{"name":"Email","type":"class"}},{"name":"label","qualifiedName":"email.Email.label","href":"properties_email/Email/label.html","type":"property","overriddenDepth":0,"packageName":"flutter_contacts","enclosedBy":{"name":"Email","type":"class"}},{"name":"toJson","qualifiedName":"email.Email.toJson","href":"properties_email/Email/toJson.html","type":"method","overriddenDepth":0,"packageName":"flutter_contacts","enclosedBy":{"name":"Email","type":"class"}},{"name":"toString","qualifiedName":"email.Email.toString","href":"properties_email/Email/toString.html","type":"method","overriddenDepth":1,"packageName":"flutter_contacts","enclosedBy":{"name":"Email","type":"class"}},{"name":"toVCard","qualifiedName":"email.Email.toVCard","href":"properties_email/Email/toVCard.html","type":"method","overriddenDepth":0,"packageName":"flutter_contacts","enclosedBy":{"name":"Email","type":"class"}},{"name":"EmailLabel","qualifiedName":"email.EmailLabel","href":"properties_email/EmailLabel.html","type":"enum","overriddenDepth":0,"packageName":"flutter_contacts","enclosedBy":{"name":"email","type":"library"}},{"name":"event","qualifiedName":"event","href":"properties_event/properties_event-library.html","type":"library","overriddenDepth":0,"packageName":"flutter_contacts"},{"name":"Event","qualifiedName":"event.Event","href":"properties_event/Event-class.html","type":"class","overriddenDepth":0,"packageName":"flutter_contacts","enclosedBy":{"name":"event","type":"library"}},{"name":"operator ==","qualifiedName":"event.Event.==","href":"properties_event/Event/operator_equals.html","type":"method","overriddenDepth":1,"packageName":"flutter_contacts","enclosedBy":{"name":"Event","type":"class"}},{"name":"Event","qualifiedName":"event.Event.Event","href":"properties_event/Event/Event.html","type":"constructor","overriddenDepth":0,"packageName":"flutter_contacts","enclosedBy":{"name":"Event","type":"class"}},{"name":"customLabel","qualifiedName":"event.Event.customLabel","href":"properties_event/Event/customLabel.html","type":"property","overriddenDepth":0,"packageName":"flutter_contacts","enclosedBy":{"name":"Event","type":"class"}},{"name":"day","qualifiedName":"event.Event.day","href":"properties_event/Event/day.html","type":"property","overriddenDepth":0,"packageName":"flutter_contacts","enclosedBy":{"name":"Event","type":"class"}},{"name":"Event.fromJson","qualifiedName":"event.Event.fromJson","href":"properties_event/Event/Event.fromJson.html","type":"constructor","overriddenDepth":0,"packageName":"flutter_contacts","enclosedBy":{"name":"Event","type":"class"}},{"name":"hashCode","qualifiedName":"event.Event.hashCode","href":"properties_event/Event/hashCode.html","type":"property","overriddenDepth":0,"packageName":"flutter_contacts","enclosedBy":{"name":"Event","type":"class"}},{"name":"label","qualifiedName":"event.Event.label","href":"properties_event/Event/label.html","type":"property","overriddenDepth":0,"packageName":"flutter_contacts","enclosedBy":{"name":"Event","type":"class"}},{"name":"month","qualifiedName":"event.Event.month","href":"properties_event/Event/month.html","type":"property","overriddenDepth":0,"packageName":"flutter_contacts","enclosedBy":{"name":"Event","type":"class"}},{"name":"toJson","qualifiedName":"event.Event.toJson","href":"properties_event/Event/toJson.html","type":"method","overriddenDepth":0,"packageName":"flutter_contacts","enclosedBy":{"name":"Event","type":"class"}},{"name":"toString","qualifiedName":"event.Event.toString","href":"properties_event/Event/toString.html","type":"method","overriddenDepth":1,"packageName":"flutter_contacts","enclosedBy":{"name":"Event","type":"class"}},{"name":"toVCard","qualifiedName":"event.Event.toVCard","href":"properties_event/Event/toVCard.html","type":"method","overriddenDepth":0,"packageName":"flutter_contacts","enclosedBy":{"name":"Event","type":"class"}},{"name":"year","qualifiedName":"event.Event.year","href":"properties_event/Event/year.html","type":"property","overriddenDepth":0,"packageName":"flutter_contacts","enclosedBy":{"name":"Event","type":"class"}},{"name":"EventLabel","qualifiedName":"event.EventLabel","href":"properties_event/EventLabel.html","type":"enum","overriddenDepth":0,"packageName":"flutter_contacts","enclosedBy":{"name":"event","type":"library"}},{"name":"flutter_contacts","qualifiedName":"flutter_contacts","href":"flutter_contacts/flutter_contacts-library.html","type":"library","overriddenDepth":0,"packageName":"flutter_contacts"},{"name":"FlutterContacts","qualifiedName":"flutter_contacts.FlutterContacts","href":"flutter_contacts/FlutterContacts-class.html","type":"class","overriddenDepth":0,"packageName":"flutter_contacts","enclosedBy":{"name":"flutter_contacts","type":"library"}},{"name":"FlutterContacts","qualifiedName":"flutter_contacts.FlutterContacts.FlutterContacts","href":"flutter_contacts/FlutterContacts/FlutterContacts.html","type":"constructor","overriddenDepth":0,"packageName":"flutter_contacts","enclosedBy":{"name":"FlutterContacts","type":"class"}},{"name":"addListener","qualifiedName":"flutter_contacts.FlutterContacts.addListener","href":"flutter_contacts/FlutterContacts/addListener.html","type":"method","overriddenDepth":0,"packageName":"flutter_contacts","enclosedBy":{"name":"FlutterContacts","type":"class"}},{"name":"config","qualifiedName":"flutter_contacts.FlutterContacts.config","href":"flutter_contacts/FlutterContacts/config.html","type":"property","overriddenDepth":0,"packageName":"flutter_contacts","enclosedBy":{"name":"FlutterContacts","type":"class"}},{"name":"deleteContact","qualifiedName":"flutter_contacts.FlutterContacts.deleteContact","href":"flutter_contacts/FlutterContacts/deleteContact.html","type":"method","overriddenDepth":0,"packageName":"flutter_contacts","enclosedBy":{"name":"FlutterContacts","type":"class"}},{"name":"deleteContacts","qualifiedName":"flutter_contacts.FlutterContacts.deleteContacts","href":"flutter_contacts/FlutterContacts/deleteContacts.html","type":"method","overriddenDepth":0,"packageName":"flutter_contacts","enclosedBy":{"name":"FlutterContacts","type":"class"}},{"name":"getContact","qualifiedName":"flutter_contacts.FlutterContacts.getContact","href":"flutter_contacts/FlutterContacts/getContact.html","type":"method","overriddenDepth":0,"packageName":"flutter_contacts","enclosedBy":{"name":"FlutterContacts","type":"class"}},{"name":"getContacts","qualifiedName":"flutter_contacts.FlutterContacts.getContacts","href":"flutter_contacts/FlutterContacts/getContacts.html","type":"method","overriddenDepth":0,"packageName":"flutter_contacts","enclosedBy":{"name":"FlutterContacts","type":"class"}},{"name":"insertContact","qualifiedName":"flutter_contacts.FlutterContacts.insertContact","href":"flutter_contacts/FlutterContacts/insertContact.html","type":"method","overriddenDepth":0,"packageName":"flutter_contacts","enclosedBy":{"name":"FlutterContacts","type":"class"}},{"name":"openExternalEdit","qualifiedName":"flutter_contacts.FlutterContacts.openExternalEdit","href":"flutter_contacts/FlutterContacts/openExternalEdit.html","type":"method","overriddenDepth":0,"packageName":"flutter_contacts","enclosedBy":{"name":"FlutterContacts","type":"class"}},{"name":"openExternalInsert","qualifiedName":"flutter_contacts.FlutterContacts.openExternalInsert","href":"flutter_contacts/FlutterContacts/openExternalInsert.html","type":"method","overriddenDepth":0,"packageName":"flutter_contacts","enclosedBy":{"name":"FlutterContacts","type":"class"}},{"name":"openExternalPick","qualifiedName":"flutter_contacts.FlutterContacts.openExternalPick","href":"flutter_contacts/FlutterContacts/openExternalPick.html","type":"method","overriddenDepth":0,"packageName":"flutter_contacts","enclosedBy":{"name":"FlutterContacts","type":"class"}},{"name":"openExternalView","qualifiedName":"flutter_contacts.FlutterContacts.openExternalView","href":"flutter_contacts/FlutterContacts/openExternalView.html","type":"method","overriddenDepth":0,"packageName":"flutter_contacts","enclosedBy":{"name":"FlutterContacts","type":"class"}},{"name":"removeListener","qualifiedName":"flutter_contacts.FlutterContacts.removeListener","href":"flutter_contacts/FlutterContacts/removeListener.html","type":"method","overriddenDepth":0,"packageName":"flutter_contacts","enclosedBy":{"name":"FlutterContacts","type":"class"}},{"name":"requestPermission","qualifiedName":"flutter_contacts.FlutterContacts.requestPermission","href":"flutter_contacts/FlutterContacts/requestPermission.html","type":"method","overriddenDepth":0,"packageName":"flutter_contacts","enclosedBy":{"name":"FlutterContacts","type":"class"}},{"name":"updateContact","qualifiedName":"flutter_contacts.FlutterContacts.updateContact","href":"flutter_contacts/FlutterContacts/updateContact.html","type":"method","overriddenDepth":0,"packageName":"flutter_contacts","enclosedBy":{"name":"FlutterContacts","type":"class"}},{"name":"group","qualifiedName":"group","href":"properties_group/properties_group-library.html","type":"library","overriddenDepth":0,"packageName":"flutter_contacts"},{"name":"Group","qualifiedName":"group.Group","href":"properties_group/Group-class.html","type":"class","overriddenDepth":0,"packageName":"flutter_contacts","enclosedBy":{"name":"group","type":"library"}},{"name":"Group","qualifiedName":"group.Group.Group","href":"properties_group/Group/Group.html","type":"constructor","overriddenDepth":0,"packageName":"flutter_contacts","enclosedBy":{"name":"Group","type":"class"}},{"name":"Group.fromJson","qualifiedName":"group.Group.fromJson","href":"properties_group/Group/Group.fromJson.html","type":"constructor","overriddenDepth":0,"packageName":"flutter_contacts","enclosedBy":{"name":"Group","type":"class"}},{"name":"id","qualifiedName":"group.Group.id","href":"properties_group/Group/id.html","type":"property","overriddenDepth":0,"packageName":"flutter_contacts","enclosedBy":{"name":"Group","type":"class"}},{"name":"name","qualifiedName":"group.Group.name","href":"properties_group/Group/name.html","type":"property","overriddenDepth":0,"packageName":"flutter_contacts","enclosedBy":{"name":"Group","type":"class"}},{"name":"toJson","qualifiedName":"group.Group.toJson","href":"properties_group/Group/toJson.html","type":"method","overriddenDepth":0,"packageName":"flutter_contacts","enclosedBy":{"name":"Group","type":"class"}},{"name":"toString","qualifiedName":"group.Group.toString","href":"properties_group/Group/toString.html","type":"method","overriddenDepth":1,"packageName":"flutter_contacts","enclosedBy":{"name":"Group","type":"class"}},{"name":"name","qualifiedName":"name","href":"properties_name/properties_name-library.html","type":"library","overriddenDepth":0,"packageName":"flutter_contacts"},{"name":"Name","qualifiedName":"name.Name","href":"properties_name/Name-class.html","type":"class","overriddenDepth":0,"packageName":"flutter_contacts","enclosedBy":{"name":"name","type":"library"}},{"name":"operator ==","qualifiedName":"name.Name.==","href":"properties_name/Name/operator_equals.html","type":"method","overriddenDepth":1,"packageName":"flutter_contacts","enclosedBy":{"name":"Name","type":"class"}},{"name":"Name","qualifiedName":"name.Name.Name","href":"properties_name/Name/Name.html","type":"constructor","overriddenDepth":0,"packageName":"flutter_contacts","enclosedBy":{"name":"Name","type":"class"}},{"name":"first","qualifiedName":"name.Name.first","href":"properties_name/Name/first.html","type":"property","overriddenDepth":0,"packageName":"flutter_contacts","enclosedBy":{"name":"Name","type":"class"}},{"name":"firstPhonetic","qualifiedName":"name.Name.firstPhonetic","href":"properties_name/Name/firstPhonetic.html","type":"property","overriddenDepth":0,"packageName":"flutter_contacts","enclosedBy":{"name":"Name","type":"class"}},{"name":"Name.fromJson","qualifiedName":"name.Name.fromJson","href":"properties_name/Name/Name.fromJson.html","type":"constructor","overriddenDepth":0,"packageName":"flutter_contacts","enclosedBy":{"name":"Name","type":"class"}},{"name":"hashCode","qualifiedName":"name.Name.hashCode","href":"properties_name/Name/hashCode.html","type":"property","overriddenDepth":0,"packageName":"flutter_contacts","enclosedBy":{"name":"Name","type":"class"}},{"name":"last","qualifiedName":"name.Name.last","href":"properties_name/Name/last.html","type":"property","overriddenDepth":0,"packageName":"flutter_contacts","enclosedBy":{"name":"Name","type":"class"}},{"name":"lastPhonetic","qualifiedName":"name.Name.lastPhonetic","href":"properties_name/Name/lastPhonetic.html","type":"property","overriddenDepth":0,"packageName":"flutter_contacts","enclosedBy":{"name":"Name","type":"class"}},{"name":"middle","qualifiedName":"name.Name.middle","href":"properties_name/Name/middle.html","type":"property","overriddenDepth":0,"packageName":"flutter_contacts","enclosedBy":{"name":"Name","type":"class"}},{"name":"middlePhonetic","qualifiedName":"name.Name.middlePhonetic","href":"properties_name/Name/middlePhonetic.html","type":"property","overriddenDepth":0,"packageName":"flutter_contacts","enclosedBy":{"name":"Name","type":"class"}},{"name":"nickname","qualifiedName":"name.Name.nickname","href":"properties_name/Name/nickname.html","type":"property","overriddenDepth":0,"packageName":"flutter_contacts","enclosedBy":{"name":"Name","type":"class"}},{"name":"prefix","qualifiedName":"name.Name.prefix","href":"properties_name/Name/prefix.html","type":"property","overriddenDepth":0,"packageName":"flutter_contacts","enclosedBy":{"name":"Name","type":"class"}},{"name":"suffix","qualifiedName":"name.Name.suffix","href":"properties_name/Name/suffix.html","type":"property","overriddenDepth":0,"packageName":"flutter_contacts","enclosedBy":{"name":"Name","type":"class"}},{"name":"toJson","qualifiedName":"name.Name.toJson","href":"properties_name/Name/toJson.html","type":"method","overriddenDepth":0,"packageName":"flutter_contacts","enclosedBy":{"name":"Name","type":"class"}},{"name":"toString","qualifiedName":"name.Name.toString","href":"properties_name/Name/toString.html","type":"method","overriddenDepth":1,"packageName":"flutter_contacts","enclosedBy":{"name":"Name","type":"class"}},{"name":"toVCard","qualifiedName":"name.Name.toVCard","href":"properties_name/Name/toVCard.html","type":"method","overriddenDepth":0,"packageName":"flutter_contacts","enclosedBy":{"name":"Name","type":"class"}},{"name":"note","qualifiedName":"note","href":"properties_note/properties_note-library.html","type":"library","overriddenDepth":0,"packageName":"flutter_contacts"},{"name":"Note","qualifiedName":"note.Note","href":"properties_note/Note-class.html","type":"class","overriddenDepth":0,"packageName":"flutter_contacts","enclosedBy":{"name":"note","type":"library"}},{"name":"operator ==","qualifiedName":"note.Note.==","href":"properties_note/Note/operator_equals.html","type":"method","overriddenDepth":1,"packageName":"flutter_contacts","enclosedBy":{"name":"Note","type":"class"}},{"name":"Note","qualifiedName":"note.Note.Note","href":"properties_note/Note/Note.html","type":"constructor","overriddenDepth":0,"packageName":"flutter_contacts","enclosedBy":{"name":"Note","type":"class"}},{"name":"Note.fromJson","qualifiedName":"note.Note.fromJson","href":"properties_note/Note/Note.fromJson.html","type":"constructor","overriddenDepth":0,"packageName":"flutter_contacts","enclosedBy":{"name":"Note","type":"class"}},{"name":"hashCode","qualifiedName":"note.Note.hashCode","href":"properties_note/Note/hashCode.html","type":"property","overriddenDepth":0,"packageName":"flutter_contacts","enclosedBy":{"name":"Note","type":"class"}},{"name":"note","qualifiedName":"note.Note.note","href":"properties_note/Note/note.html","type":"property","overriddenDepth":0,"packageName":"flutter_contacts","enclosedBy":{"name":"Note","type":"class"}},{"name":"toJson","qualifiedName":"note.Note.toJson","href":"properties_note/Note/toJson.html","type":"method","overriddenDepth":0,"packageName":"flutter_contacts","enclosedBy":{"name":"Note","type":"class"}},{"name":"toString","qualifiedName":"note.Note.toString","href":"properties_note/Note/toString.html","type":"method","overriddenDepth":1,"packageName":"flutter_contacts","enclosedBy":{"name":"Note","type":"class"}},{"name":"toVCard","qualifiedName":"note.Note.toVCard","href":"properties_note/Note/toVCard.html","type":"method","overriddenDepth":0,"packageName":"flutter_contacts","enclosedBy":{"name":"Note","type":"class"}},{"name":"organization","qualifiedName":"organization","href":"properties_organization/properties_organization-library.html","type":"library","overriddenDepth":0,"packageName":"flutter_contacts"},{"name":"Organization","qualifiedName":"organization.Organization","href":"properties_organization/Organization-class.html","type":"class","overriddenDepth":0,"packageName":"flutter_contacts","enclosedBy":{"name":"organization","type":"library"}},{"name":"operator ==","qualifiedName":"organization.Organization.==","href":"properties_organization/Organization/operator_equals.html","type":"method","overriddenDepth":1,"packageName":"flutter_contacts","enclosedBy":{"name":"Organization","type":"class"}},{"name":"Organization","qualifiedName":"organization.Organization.Organization","href":"properties_organization/Organization/Organization.html","type":"constructor","overriddenDepth":0,"packageName":"flutter_contacts","enclosedBy":{"name":"Organization","type":"class"}},{"name":"company","qualifiedName":"organization.Organization.company","href":"properties_organization/Organization/company.html","type":"property","overriddenDepth":0,"packageName":"flutter_contacts","enclosedBy":{"name":"Organization","type":"class"}},{"name":"department","qualifiedName":"organization.Organization.department","href":"properties_organization/Organization/department.html","type":"property","overriddenDepth":0,"packageName":"flutter_contacts","enclosedBy":{"name":"Organization","type":"class"}},{"name":"Organization.fromJson","qualifiedName":"organization.Organization.fromJson","href":"properties_organization/Organization/Organization.fromJson.html","type":"constructor","overriddenDepth":0,"packageName":"flutter_contacts","enclosedBy":{"name":"Organization","type":"class"}},{"name":"hashCode","qualifiedName":"organization.Organization.hashCode","href":"properties_organization/Organization/hashCode.html","type":"property","overriddenDepth":0,"packageName":"flutter_contacts","enclosedBy":{"name":"Organization","type":"class"}},{"name":"jobDescription","qualifiedName":"organization.Organization.jobDescription","href":"properties_organization/Organization/jobDescription.html","type":"property","overriddenDepth":0,"packageName":"flutter_contacts","enclosedBy":{"name":"Organization","type":"class"}},{"name":"officeLocation","qualifiedName":"organization.Organization.officeLocation","href":"properties_organization/Organization/officeLocation.html","type":"property","overriddenDepth":0,"packageName":"flutter_contacts","enclosedBy":{"name":"Organization","type":"class"}},{"name":"phoneticName","qualifiedName":"organization.Organization.phoneticName","href":"properties_organization/Organization/phoneticName.html","type":"property","overriddenDepth":0,"packageName":"flutter_contacts","enclosedBy":{"name":"Organization","type":"class"}},{"name":"symbol","qualifiedName":"organization.Organization.symbol","href":"properties_organization/Organization/symbol.html","type":"property","overriddenDepth":0,"packageName":"flutter_contacts","enclosedBy":{"name":"Organization","type":"class"}},{"name":"title","qualifiedName":"organization.Organization.title","href":"properties_organization/Organization/title.html","type":"property","overriddenDepth":0,"packageName":"flutter_contacts","enclosedBy":{"name":"Organization","type":"class"}},{"name":"toJson","qualifiedName":"organization.Organization.toJson","href":"properties_organization/Organization/toJson.html","type":"method","overriddenDepth":0,"packageName":"flutter_contacts","enclosedBy":{"name":"Organization","type":"class"}},{"name":"toString","qualifiedName":"organization.Organization.toString","href":"properties_organization/Organization/toString.html","type":"method","overriddenDepth":1,"packageName":"flutter_contacts","enclosedBy":{"name":"Organization","type":"class"}},{"name":"toVCard","qualifiedName":"organization.Organization.toVCard","href":"properties_organization/Organization/toVCard.html","type":"method","overriddenDepth":0,"packageName":"flutter_contacts","enclosedBy":{"name":"Organization","type":"class"}},{"name":"phone","qualifiedName":"phone","href":"properties_phone/properties_phone-library.html","type":"library","overriddenDepth":0,"packageName":"flutter_contacts"},{"name":"Phone","qualifiedName":"phone.Phone","href":"properties_phone/Phone-class.html","type":"class","overriddenDepth":0,"packageName":"flutter_contacts","enclosedBy":{"name":"phone","type":"library"}},{"name":"operator ==","qualifiedName":"phone.Phone.==","href":"properties_phone/Phone/operator_equals.html","type":"method","overriddenDepth":1,"packageName":"flutter_contacts","enclosedBy":{"name":"Phone","type":"class"}},{"name":"Phone","qualifiedName":"phone.Phone.Phone","href":"properties_phone/Phone/Phone.html","type":"constructor","overriddenDepth":0,"packageName":"flutter_contacts","enclosedBy":{"name":"Phone","type":"class"}},{"name":"customLabel","qualifiedName":"phone.Phone.customLabel","href":"properties_phone/Phone/customLabel.html","type":"property","overriddenDepth":0,"packageName":"flutter_contacts","enclosedBy":{"name":"Phone","type":"class"}},{"name":"Phone.fromJson","qualifiedName":"phone.Phone.fromJson","href":"properties_phone/Phone/Phone.fromJson.html","type":"constructor","overriddenDepth":0,"packageName":"flutter_contacts","enclosedBy":{"name":"Phone","type":"class"}},{"name":"hashCode","qualifiedName":"phone.Phone.hashCode","href":"properties_phone/Phone/hashCode.html","type":"property","overriddenDepth":0,"packageName":"flutter_contacts","enclosedBy":{"name":"Phone","type":"class"}},{"name":"isPrimary","qualifiedName":"phone.Phone.isPrimary","href":"properties_phone/Phone/isPrimary.html","type":"property","overriddenDepth":0,"packageName":"flutter_contacts","enclosedBy":{"name":"Phone","type":"class"}},{"name":"label","qualifiedName":"phone.Phone.label","href":"properties_phone/Phone/label.html","type":"property","overriddenDepth":0,"packageName":"flutter_contacts","enclosedBy":{"name":"Phone","type":"class"}},{"name":"normalizedNumber","qualifiedName":"phone.Phone.normalizedNumber","href":"properties_phone/Phone/normalizedNumber.html","type":"property","overriddenDepth":0,"packageName":"flutter_contacts","enclosedBy":{"name":"Phone","type":"class"}},{"name":"number","qualifiedName":"phone.Phone.number","href":"properties_phone/Phone/number.html","type":"property","overriddenDepth":0,"packageName":"flutter_contacts","enclosedBy":{"name":"Phone","type":"class"}},{"name":"toJson","qualifiedName":"phone.Phone.toJson","href":"properties_phone/Phone/toJson.html","type":"method","overriddenDepth":0,"packageName":"flutter_contacts","enclosedBy":{"name":"Phone","type":"class"}},{"name":"toString","qualifiedName":"phone.Phone.toString","href":"properties_phone/Phone/toString.html","type":"method","overriddenDepth":1,"packageName":"flutter_contacts","enclosedBy":{"name":"Phone","type":"class"}},{"name":"toVCard","qualifiedName":"phone.Phone.toVCard","href":"properties_phone/Phone/toVCard.html","type":"method","overriddenDepth":0,"packageName":"flutter_contacts","enclosedBy":{"name":"Phone","type":"class"}},{"name":"PhoneLabel","qualifiedName":"phone.PhoneLabel","href":"properties_phone/PhoneLabel.html","type":"enum","overriddenDepth":0,"packageName":"flutter_contacts","enclosedBy":{"name":"phone","type":"library"}},{"name":"social_media","qualifiedName":"social_media","href":"properties_social_media/properties_social_media-library.html","type":"library","overriddenDepth":0,"packageName":"flutter_contacts"},{"name":"SocialMedia","qualifiedName":"social_media.SocialMedia","href":"properties_social_media/SocialMedia-class.html","type":"class","overriddenDepth":0,"packageName":"flutter_contacts","enclosedBy":{"name":"social_media","type":"library"}},{"name":"operator ==","qualifiedName":"social_media.SocialMedia.==","href":"properties_social_media/SocialMedia/operator_equals.html","type":"method","overriddenDepth":1,"packageName":"flutter_contacts","enclosedBy":{"name":"SocialMedia","type":"class"}},{"name":"SocialMedia","qualifiedName":"social_media.SocialMedia.SocialMedia","href":"properties_social_media/SocialMedia/SocialMedia.html","type":"constructor","overriddenDepth":0,"packageName":"flutter_contacts","enclosedBy":{"name":"SocialMedia","type":"class"}},{"name":"customLabel","qualifiedName":"social_media.SocialMedia.customLabel","href":"properties_social_media/SocialMedia/customLabel.html","type":"property","overriddenDepth":0,"packageName":"flutter_contacts","enclosedBy":{"name":"SocialMedia","type":"class"}},{"name":"SocialMedia.fromJson","qualifiedName":"social_media.SocialMedia.fromJson","href":"properties_social_media/SocialMedia/SocialMedia.fromJson.html","type":"constructor","overriddenDepth":0,"packageName":"flutter_contacts","enclosedBy":{"name":"SocialMedia","type":"class"}},{"name":"hashCode","qualifiedName":"social_media.SocialMedia.hashCode","href":"properties_social_media/SocialMedia/hashCode.html","type":"property","overriddenDepth":0,"packageName":"flutter_contacts","enclosedBy":{"name":"SocialMedia","type":"class"}},{"name":"label","qualifiedName":"social_media.SocialMedia.label","href":"properties_social_media/SocialMedia/label.html","type":"property","overriddenDepth":0,"packageName":"flutter_contacts","enclosedBy":{"name":"SocialMedia","type":"class"}},{"name":"toJson","qualifiedName":"social_media.SocialMedia.toJson","href":"properties_social_media/SocialMedia/toJson.html","type":"method","overriddenDepth":0,"packageName":"flutter_contacts","enclosedBy":{"name":"SocialMedia","type":"class"}},{"name":"toString","qualifiedName":"social_media.SocialMedia.toString","href":"properties_social_media/SocialMedia/toString.html","type":"method","overriddenDepth":1,"packageName":"flutter_contacts","enclosedBy":{"name":"SocialMedia","type":"class"}},{"name":"toVCard","qualifiedName":"social_media.SocialMedia.toVCard","href":"properties_social_media/SocialMedia/toVCard.html","type":"method","overriddenDepth":0,"packageName":"flutter_contacts","enclosedBy":{"name":"SocialMedia","type":"class"}},{"name":"userName","qualifiedName":"social_media.SocialMedia.userName","href":"properties_social_media/SocialMedia/userName.html","type":"property","overriddenDepth":0,"packageName":"flutter_contacts","enclosedBy":{"name":"SocialMedia","type":"class"}},{"name":"SocialMediaLabel","qualifiedName":"social_media.SocialMediaLabel","href":"properties_social_media/SocialMediaLabel.html","type":"enum","overriddenDepth":0,"packageName":"flutter_contacts","enclosedBy":{"name":"social_media","type":"library"}},{"name":"lowerCaseStringToSocialMediaLabel","qualifiedName":"social_media.lowerCaseStringToSocialMediaLabel","href":"properties_social_media/lowerCaseStringToSocialMediaLabel.html","type":"top-level property","overriddenDepth":0,"packageName":"flutter_contacts","enclosedBy":{"name":"social_media","type":"library"}},{"name":"vcard","qualifiedName":"vcard","href":"vcard/vcard-library.html","type":"library","overriddenDepth":0,"packageName":"flutter_contacts"},{"name":"Param","qualifiedName":"vcard.Param","href":"vcard/Param-class.html","type":"class","overriddenDepth":0,"packageName":"flutter_contacts","enclosedBy":{"name":"vcard","type":"library"}},{"name":"Param","qualifiedName":"vcard.Param.Param","href":"vcard/Param/Param.html","type":"constructor","overriddenDepth":0,"packageName":"flutter_contacts","enclosedBy":{"name":"Param","type":"class"}},{"name":"key","qualifiedName":"vcard.Param.key","href":"vcard/Param/key.html","type":"property","overriddenDepth":0,"packageName":"flutter_contacts","enclosedBy":{"name":"Param","type":"class"}},{"name":"toString","qualifiedName":"vcard.Param.toString","href":"vcard/Param/toString.html","type":"method","overriddenDepth":1,"packageName":"flutter_contacts","enclosedBy":{"name":"Param","type":"class"}},{"name":"value","qualifiedName":"vcard.Param.value","href":"vcard/Param/value.html","type":"property","overriddenDepth":0,"packageName":"flutter_contacts","enclosedBy":{"name":"Param","type":"class"}},{"name":"VCardParser","qualifiedName":"vcard.VCardParser","href":"vcard/VCardParser-class.html","type":"class","overriddenDepth":0,"packageName":"flutter_contacts","enclosedBy":{"name":"vcard","type":"library"}},{"name":"VCardParser","qualifiedName":"vcard.VCardParser.VCardParser","href":"vcard/VCardParser/VCardParser.html","type":"constructor","overriddenDepth":0,"packageName":"flutter_contacts","enclosedBy":{"name":"VCardParser","type":"class"}},{"name":"decode","qualifiedName":"vcard.VCardParser.decode","href":"vcard/VCardParser/decode.html","type":"method","overriddenDepth":0,"packageName":"flutter_contacts","enclosedBy":{"name":"VCardParser","type":"class"}},{"name":"encode","qualifiedName":"vcard.VCardParser.encode","href":"vcard/VCardParser/encode.html","type":"method","overriddenDepth":0,"packageName":"flutter_contacts","enclosedBy":{"name":"VCardParser","type":"class"}},{"name":"parse","qualifiedName":"vcard.VCardParser.parse","href":"vcard/VCardParser/parse.html","type":"method","overriddenDepth":0,"packageName":"flutter_contacts","enclosedBy":{"name":"VCardParser","type":"class"}},{"name":"unfold","qualifiedName":"vcard.VCardParser.unfold","href":"vcard/VCardParser/unfold.html","type":"method","overriddenDepth":0,"packageName":"flutter_contacts","enclosedBy":{"name":"VCardParser","type":"class"}},{"name":"vCardEncode","qualifiedName":"vcard.vCardEncode","href":"vcard/vCardEncode.html","type":"function","overriddenDepth":0,"packageName":"flutter_contacts","enclosedBy":{"name":"vcard","type":"library"}},{"name":"website","qualifiedName":"website","href":"properties_website/properties_website-library.html","type":"library","overriddenDepth":0,"packageName":"flutter_contacts"},{"name":"Website","qualifiedName":"website.Website","href":"properties_website/Website-class.html","type":"class","overriddenDepth":0,"packageName":"flutter_contacts","enclosedBy":{"name":"website","type":"library"}},{"name":"operator ==","qualifiedName":"website.Website.==","href":"properties_website/Website/operator_equals.html","type":"method","overriddenDepth":1,"packageName":"flutter_contacts","enclosedBy":{"name":"Website","type":"class"}},{"name":"Website","qualifiedName":"website.Website.Website","href":"properties_website/Website/Website.html","type":"constructor","overriddenDepth":0,"packageName":"flutter_contacts","enclosedBy":{"name":"Website","type":"class"}},{"name":"customLabel","qualifiedName":"website.Website.customLabel","href":"properties_website/Website/customLabel.html","type":"property","overriddenDepth":0,"packageName":"flutter_contacts","enclosedBy":{"name":"Website","type":"class"}},{"name":"Website.fromJson","qualifiedName":"website.Website.fromJson","href":"properties_website/Website/Website.fromJson.html","type":"constructor","overriddenDepth":0,"packageName":"flutter_contacts","enclosedBy":{"name":"Website","type":"class"}},{"name":"hashCode","qualifiedName":"website.Website.hashCode","href":"properties_website/Website/hashCode.html","type":"property","overriddenDepth":0,"packageName":"flutter_contacts","enclosedBy":{"name":"Website","type":"class"}},{"name":"label","qualifiedName":"website.Website.label","href":"properties_website/Website/label.html","type":"property","overriddenDepth":0,"packageName":"flutter_contacts","enclosedBy":{"name":"Website","type":"class"}},{"name":"toJson","qualifiedName":"website.Website.toJson","href":"properties_website/Website/toJson.html","type":"method","overriddenDepth":0,"packageName":"flutter_contacts","enclosedBy":{"name":"Website","type":"class"}},{"name":"toString","qualifiedName":"website.Website.toString","href":"properties_website/Website/toString.html","type":"method","overriddenDepth":1,"packageName":"flutter_contacts","enclosedBy":{"name":"Website","type":"class"}},{"name":"toVCard","qualifiedName":"website.Website.toVCard","href":"properties_website/Website/toVCard.html","type":"method","overriddenDepth":0,"packageName":"flutter_contacts","enclosedBy":{"name":"Website","type":"class"}},{"name":"url","qualifiedName":"website.Website.url","href":"properties_website/Website/url.html","type":"property","overriddenDepth":0,"packageName":"flutter_contacts","enclosedBy":{"name":"Website","type":"class"}},{"name":"WebsiteLabel","qualifiedName":"website.WebsiteLabel","href":"properties_website/WebsiteLabel.html","type":"enum","overriddenDepth":0,"packageName":"flutter_contacts","enclosedBy":{"name":"website","type":"library"}}]
