{
  "project_info": {
    "project_number": "769457702185",
    "project_id": "cmsc23-ihvergara-exer6",
    "storage_bucket": "cmsc23-ihvergara-exer6.appspot.com"
  },
  "client": [
    {
      "client_info": {
        "mobilesdk_app_id": "1:769457702185:android:f559b9ac0434fd2ad1e338",
        "android_client_info": {
          "package_name": "com.example.week7_networking_discussion"
        }
      },
      "oauth_client": [
        {
          "client_id": "769457702185-5g6tnmhe3c4s1v5c4gnsabf01bn32jj9.apps.googleusercontent.com",
          "client_type": 3
        }
      ],
      "api_key": [
        {
          "current_key": "AIzaSyClqR_KseSQGjL5vZjy9791-M0Ojf67kNs"
        }
      ],
      "services": {
        "appinvite_service": {
          "other_platform_oauth_client": [
            {
              "client_id": "769457702185-5g6tnmhe3c4s1v5c4gnsabf01bn32jj9.apps.googleusercontent.com",
              "client_type": 3
            },
            {
              "client_id": "769457702185-2bqrb0a3amq2a2h8sh3hkukpon4losru.apps.googleusercontent.com",
              "client_type": 2,
              "ios_info": {
                "bundle_id": "com.example.week7NetworkingDiscussion"
              }
            }
          ]
        }
      }
    }
  ],
  "configuration_version": "1"
}